CREATE TABLE ACTOR (
    ACT_ID NUMBER(3) PRIMARY KEY,
    ACT_NAME VARCHAR2(20),
    ACT_GENDER CHAR(1)
);

CREATE TABLE DIRECTOR (
    DIR_ID NUMBER(3) PRIMARY KEY,
    DIR_NAME VARCHAR2(20),
    DIR_PHONE NUMBER(10)
);

CREATE TABLE MOVIES (
    MOV_ID NUMBER(4) PRIMARY KEY,
    MOV_TITLE VARCHAR2(25),
    MOV_YEAR NUMBER(4),
    MOV_LANG VARCHAR2(12),
    DIR_ID NUMBER(3),
    FOREIGN KEY (DIR_ID) REFERENCES DIRECTOR (DIR_ID)
);

CREATE TABLE MOVIE_CAST (
    ACT_ID NUMBER(3),
    MOV_ID NUMBER(4),
    ROLE VARCHAR2(10),
    PRIMARY KEY (ACT_ID, MOV_ID),
    FOREIGN KEY (ACT_ID) REFERENCES ACTOR (ACT_ID),
    FOREIGN KEY (MOV_ID) REFERENCES MOVIES (MOV_ID)
);

CREATE TABLE RATING (
    MOV_ID NUMBER(4) PRIMARY KEY,
    REV_STARS NUMBER(2),
    FOREIGN KEY (MOV_ID) REFERENCES MOVIES (MOV_ID)
);

-- Insertion of Values to Tables
INSERT INTO ACTOR VALUES (301, 'ANUSHKA', 'F');
INSERT INTO ACTOR VALUES (302, 'PRABHAS', 'M');
INSERT INTO ACTOR VALUES (303, 'PUNITH', 'M');
INSERT INTO ACTOR VALUES (304, 'JERMY', 'M');

INSERT INTO DIRECTOR VALUES (60, 'RAJAMOULI', 8751611001);
INSERT INTO DIRECTOR VALUES (61, 'HITCHCOCK', 7766138911);
INSERT INTO DIRECTOR VALUES (62, 'FARAN', 9986776531);
INSERT INTO DIRECTOR VALUES (63, 'STEVEN SPIELBERG', 8989776530);

INSERT INTO MOVIES VALUES (1001, 'BAHUBALI-2', 2017, 'TELAGU', 60);
INSERT INTO MOVIES VALUES (1002, 'BAHUBALI-1', 2015, 'TELAGU', 60);
INSERT INTO MOVIES VALUES (1003, 'AKASH', 2008, 'KANNADA', 61);
INSERT INTO MOVIES VALUES (1004, 'WAR HORSE', 2011, 'ENGLISH', 63);

INSERT INTO MOVIE_CAST VALUES (301, 1002, 'HEROINE');
INSERT INTO MOVIE_CAST VALUES (301, 1001, 'HEROINE');
INSERT INTO MOVIE_CAST VALUES (303, 1003, 'HERO');
INSERT INTO MOVIE_CAST VALUES (303, 1002, 'GUEST');
INSERT INTO MOVIE_CAST VALUES (304, 1004, 'HERO');

INSERT INTO RATING VALUES (1001, 4);
INSERT INTO RATING VALUES (1002, 2);
INSERT INTO RATING VALUES (1003, 5);
INSERT INTO RATING VALUES (1004, 4);

-- Queries to view data
SELECT * FROM ACTOR;
SELECT * FROM DIRECTOR;
SELECT * FROM MOVIES;
SELECT * FROM MOVIE_CAST;
SELECT * FROM RATING;




-- 1. List the titles of all movies directed by ‘Hitchcock’.
SELECT MOV_TITLE
FROM MOVIES
WHERE DIR_ID = (SELECT DIR_ID FROM DIRECTOR WHERE DIR_NAME = 'HITCHCOCK');

-- 2. Find the movie names where one or more actors acted in two or more movies.
SELECT MOV_TITLE
FROM MOVIES
WHERE MOV_ID IN (
    SELECT MOV_ID
    FROM MOVIE_CAST
    GROUP BY MOV_ID
    HAVING COUNT(ACT_ID) > 1
);

-- 3. List all actors who acted in a movie before 2000 and also in a movie after 2015.
SELECT ACT_NAME
FROM ACTOR
WHERE ACT_ID IN (
    SELECT ACT_ID
    FROM MOVIE_CAST
    WHERE MOV_ID IN (
        SELECT MOV_ID
        FROM MOVIES
        WHERE MOV_YEAR < 2000 OR MOV_YEAR > 2015
    )
);

-- 4. Find the title of movies and number of stars for each movie that has at least one rating and find the highest number of stars that movie received. Sort the result by movie title.
SELECT M.MOV_TITLE, MAX(R.REV_STARS)
FROM MOVIES M
JOIN RATING R ON M.MOV_ID = R.MOV_ID
GROUP BY M.MOV_TITLE
HAVING MAX(R.REV_STARS) > 0
ORDER BY M.MOV_TITLE;

-- 5. Update rating of all movies directed by ‘Steven Spielberg’ to 5
UPDATE RATING
SET REV_STARS = 5
WHERE MOV_ID IN (
    SELECT MOV_ID
    FROM MOVIES
    WHERE DIR_ID = (SELECT DIR_ID FROM DIRECTOR WHERE DIR_NAME = 'STEVEN SPIELBERG')
);
